id_cliente;Utilizador;nome_cliente
1;ut@acfeugiatnon.com;Raven J. Buchanan
2;non.luctus@Pellentesque.ca;Yardley N. Finley
3;nibh@euismodurna.com;Melyssa G. Lane
4;non.luctus.sit@purus.org;Shea N. Lang
5;consequat.enim.diam@anteMaecenasmi.net;Carol M. Ashley
6;elementum.lorem.ut@bibendumsedest.co.uk;Olivia V. Hayes
7;Proin.ultrices@pedeCras.org;Breanna J. Ford
8;ipsum.dolor@fermentumconvallis.co.uk;Tate C. Mullins
9;pede.Nunc.sed@velitjustonec.org;Chase O. Zamora
10;Duis.a.mi@Crasegetnisi.co.uk;Xaviera X. Malone
11;Aliquam.gravida@eu.ca;Pandora F. Dunlap
12;sem@quis.co.uk;Colorado K. Hurley
13;Aliquam@Suspendissecommodotincidunt.net;Abraham V. Huff
14;neque.Nullam.nisl@necleo.ca;Gabriel N. Jarvis
15;ornare@ligula.net;Silas Z. Dominguez
16;nisl.sem@ridiculus.org;Cade N. Albert
17;eu.enim@loremeu.com;Arden W. Mckay
18;ornare.egestas.ligula@massalobortisultrices.org;Rahim X. Hopkins
19;ut.ipsum@atnisiCum.edu;Eagan L. Campos
20;enim.Curabitur@PhasellusnullaInteger.org;Uta V. Bates
21;Curabitur.dictum.Phasellus@necurna.net;Thor Y. Mann
22;mauris.id@SuspendissesagittisNullam.ca;Brett W. Cantrell
23;consectetuer.adipiscing.elit@mi.com;Hilary B. Gates
24;urna.Nullam@urnasuscipit.org;Riley E. Franks
25;Maecenas.ornare@lacusvarius.ca;Roary W. Alston
26;auctor.non@eget.org;Rose Q. Merrill
27;vel.quam.dignissim@interdumenim.com;Giselle V. Mendoza
28;arcu@temporerat.net;Silas K. Irwin
29;Donec@Maurisut.edu;Myra Y. Harris
30;Nulla.eget.metus@nibh.org;Latifah N. Savage
31;ac@egestas.ca;Alvin R. Fox
32;et.ultrices@sedhendrerit.org;Alexis S. Obrien
33;diam.at.pretium@neque.co.uk;Giacomo R. Pratt
34;In@nibh.com;Ainsley V. Mcdonald
35;vitae.purus@euerosNam.edu;Price O. Beasley
36;at.libero.Morbi@faucibusleo.net;Patricia L. Waters
37;auctor.quis.tristique@idsapienCras.org;Arden V. Moody
38;amet@Sed.edu;Todd N. Ware
39;a@Mauris.edu;Yardley O. Reyes
40;Integer.urna@diamDuismi.com;Oliver H. Franco
41;vitae.nibh.Donec@sedconsequatauctor.net;Serina O. Riggs
42;sed.orci@Nunc.com;Jayme J. Adkins
43;fringilla@egestaslaciniaSed.ca;Linus K. May
44;nisl.arcu@tristiquepharetraQuisque.com;Drew Y. Little
45;orci.sem.eget@libero.net;Joelle I. Fowler
46;mi@amet.org;Zelda W. Lane
47;Fusce@tristiquesenectus.net;Orlando B. Martin
48;accumsan.convallis.ante@inceptoshymenaeosMauris.org;Ray F. Rojas
