email,password,tipo
ut@acfeugiatnon.com,Pirque,0
non.luctus@Pellentesque.ca,Vernole,0
suscipit.est.ac@vestibulumMaurismagna.net,Brahmapur,1
nibh@euismodurna.com,Qualicum Beach,0
Cras.eu@mollisnoncursus.co.uk,Bovigny,1
luctus.ipsum@posuereenim.org,Colchester,1
nisi.dictum@eu.net,Rodengo/Rodeneck,1
Etiam@metus.com,Armstrong,1
cursus.in.hendrerit@FuscemollisDuis.net,Heilbronn,1
consectetuer.adipiscing.elit@primis.edu,Introd,1
non.luctus.sit@purus.org,Viernheim,0
consequat.enim.diam@anteMaecenasmi.net,La Serena,0
elementum.lorem.ut@bibendumsedest.co.uk,Seloignes,0
Proin.ultrices@pedeCras.org,Edmundston,0
ipsum.dolor@fermentumconvallis.co.uk,Rodì Milici,0
erat@euenimEtiam.co.uk,Köthen,1
aliquam@Nunc.org,Barghe,1
pede.Nunc.sed@velitjustonec.org,Brechin,0
aliquet@mollisnoncursus.edu,Stekene,1
Donec@turpisNullaaliquet.org,Moerkerke,1
Duis.a.mi@Crasegetnisi.co.uk,Scarborough,0
semper@Integertincidunt.net,Rezzoaglio,1
Fusce@purus.ca,Cáceres,1
erat.volutpat.Nulla@dui.edu,Okigwe,1
Quisque@tempor.net,Täby,1
Aliquam.gravida@eu.ca,Ham-sur-Sambre,0
ante@atnisiCum.edu,Rosciano,1
sem@quis.co.uk,Vellore,0
Aliquam@Suspendissecommodotincidunt.net,Pinneberg,0
neque.Nullam.nisl@necleo.ca,San Leucio del Sannio,0
ornare@ligula.net,Carnoustie,0
massa@Integereulacus.ca,Kettering,1
Proin@blandit.com,Milford Haven,1
nisl.sem@ridiculus.org,Vancouver,0
fringilla.mi@Nullamvelit.ca,Bad Neuenahr-Ahrweiler,1
malesuada.vel@blanditNamnulla.edu,Bon Accord,1
Phasellus.vitae@nonhendrerit.ca,Edmundston,1
eu.enim@loremeu.com,Wanaka,0
ornare.egestas.ligula@massalobortisultrices.org,San Rafael,0
ut.ipsum@atnisiCum.edu,Launceston,0
enim.Curabitur@PhasellusnullaInteger.org,Hody,0
lobortis.mauris.Suspendisse@antelectus.com,Pune,1
rhoncus.Nullam@rutrumurna.co.uk,Florida,1
Curabitur.dictum.Phasellus@necurna.net,Koszalin,0
purus@sitametorci.com,Constitución,1
mauris.id@SuspendissesagittisNullam.ca,Gulfport,0
sem.molestie.sodales@nasceturridiculus.org,Colchester,1
consectetuer.adipiscing.elit@mi.com,Forlì,0
urna.Nullam@urnasuscipit.org,Divinópolis,0
Maecenas.ornare@lacusvarius.ca,Saint-Remy-Geest,0
aliquam@purusgravidasagittis.co.uk,Toronto,1
lacus@gravida.com,Purmerend,1
Curabitur.vel.lectus@ut.net,Santa Maria,1
per.inceptos@Cras.edu,Cuddalore,1
nonummy@congueInscelerisque.com,Hindeloopen,1
mauris.erat.eget@nisi.co.uk,Asso,1
auctor.non@eget.org,San José de Alajuela,0
vel.quam.dignissim@interdumenim.com,Santa Caterina Villarmosa,0
arcu@temporerat.net,Plainevaux,0
Donec@Maurisut.edu,Pichidegua,0
luctus@aliquam.co.uk,Latour,1
ridiculus.mus.Donec@magnaCras.edu,Hugli-Chinsurah,1
Nulla.eget.metus@nibh.org,Fort Simpson,0
ac@egestas.ca,Coutisse,0
et.ultrices@sedhendrerit.org,Stony Plain,0
diam.at.pretium@neque.co.uk,Corswarem,0
In@nibh.com,Terni,0
bibendum@posuere.co.uk,Jasper,1
natoque.penatibus.et@Aenean.co.uk,Deutschkreutz,1
nibh.Phasellus@Curabiturvel.org,Cour-sur-Heure,1
vitae.purus@euerosNam.edu,Ekeren,0
at.libero.Morbi@faucibusleo.net,Thirimont,0
magna.sed.dui@convallis.co.uk,Halle,1
erat@tristique.net,Dallas,1
fermentum.vel.mauris@enimcommodohendrerit.net,Middelburg,1
auctor.quis.tristique@idsapienCras.org,Brentwood,0
ipsum.non@purus.org,Ashbourne,1
amet@Sed.edu,Enterprise,0
ullamcorper.eu@Nulla.org,Maaseik,1
a@Mauris.edu,Cumbernauld,0
Integer.urna@diamDuismi.com,Güstrow,0
vitae.nibh.Donec@sedconsequatauctor.net,Spermalie,0
ut.nulla.Cras@sitamet.org,Annone di Brianza,1
sed.orci@Nunc.com,Kimberly,0
fringilla@egestaslaciniaSed.ca,Traun,0
cursus@metuseuerat.net,Calgary,1
sapien.Nunc.pulvinar@Fuscemilorem.ca,Elen,1
nisl.arcu@tristiquepharetraQuisque.com,Kitimat,0
quam.a.felis@Curabiturvellectus.com,Amaro,1
ridiculus.mus.Donec@Nunc.ca,Montalto Uffugo,1
elit.pretium@hendrerit.net,Destelbergen,1
orci.sem.eget@libero.net,Mielec,0
rhoncus.Donec.est@enimcommodohendrerit.net,Perpignan,1
mi@amet.org,Chattanooga,0
Fusce@tristiquesenectus.net,Loreto,0
hendrerit@ligulaAliquam.com,Massa e Cozzile,1
tellus.Nunc.lectus@molestiesodalesMauris.co.uk,Beerse,1
accumsan.convallis.ante@inceptoshymenaeosMauris.org,Bruderheim,0
natoque.penatibus@ultricesa.edu,Chattanooga,1
posuere.enim.nisl@anunc.co.uk,Jerzu,1